nama_pemilik;nama_usaha;jenis_usaha;kategori_usaha;lama_usaha;jumlah_karyawan;omset_tahunan;jenis_investasi;modal_diinginkan;lokasi;status
Mode Keren;Ahmad;Pakaian;Offline;3;5;31-40;Pemberi Modal;101-200;Jakarta;
Warung Santai;Budi;Kuliner;Offline;2;4;21-30;Rekan Kerja;51-100;Surabaya;
Cuci Kilat;Citra;Laundry;Online;?1;3;?10;Pemberi Pinjaman;?10;Bandung;
Print Express;Dian;Fotocopy/Percetakan;Offline;5;6;61-70;Pemberi Modal;201-300;Medan;
Bengkel Maju;Eko;Bengkel/Sparepart;Offline;8;8;81-90;Rekan Kerja;301-400;Semarang;
Warung Sederhana;Fita;Kuliner;Offline;4;4;41-50;Pemberi Pinjaman;101-200;Surabaya;
Toko Serba Ada;Galih;Toko Kelontong;Offline;6;7;71-80;Pemberi Modal;201-300;Jakarta;
Elektronik Maju;Hani;Peralatan Listrik;Online;2;3;11-20;Rekan Kerja;11-50;Bandung;
Buku Cerdas;Ira;Toko Buku;Offline;3;2;21-30;Pemberi Modal;51-100;Surabaya;
Gadget Nusantara;Joko;Toko Ponsel;Offline;5;6;61-70;Rekan Kerja;201-300;Jakarta;
Aksesoris Keren;Kirana;Pakaian;Online;2;4;11-20;Pemberi Modal;11-50;Bandung;
Mie Ayam Enak;Lina;Kuliner;Offline;?1;3;?10;Pemberi Pinjaman;?10;Bandung;
Laundry Kilat;Mira;Laundry;Online;4;5;41-50;Rekan Kerja;101-200;Jakarta;
Print Cepat;Nita;Fotocopy/Percetakan;Offline;6;7;71-80;Pemberi Modal;201-300;Medan;
Service Mobil;Oki;Bengkel/Sparepart;Offline;9;9;91-100;Rekan Kerja;301-400;Semarang;
Batik Cantik;Panji;Pakaian;Offline;6;8;71-80;Pemberi Modal;201-300;Yogyakarta;
Soto Kenyal;Qori;Kuliner;Offline;3;4;31-40;Rekan Kerja;51-100;Malang;
Cuci Bersih;Rina;Laundry;Online;2;2;?10;Pemberi Pinjaman;?10;Semarang;
Cetak Kilat;Satria;Fotocopy/Percetakan;Offline;4;5;41-50;Pemberi Modal;101-200;Bandung;
Service Motor Berkah;Tia;Bengkel/Sparepart;Offline;7;8;81-90;Rekan Kerja;301-400;Surabaya;
Warung Makmur;Umar;Kuliner;Offline;5;6;61-70;Pemberi Pinjaman;201-300;Jakarta;
Toko Sembako Murah;Vina;Toko Kelontong;Offline;2;3;21-30;Pemberi Modal;51-100;Medan;
Elektronik Maju;Wahyu;Peralatan Listrik;Online;4;4;31-40;Rekan Kerja;51-100;Bandung;
Buku Cerdas;Xena;Toko Buku;Offline;6;5;61-70;Pemberi Modal;201-300;Surabaya;
Gadget Nusantara;Yani;Toko Ponsel;Offline;8;7;81-90;Rekan Kerja;301-400;Jakarta;
Aksesoris Keren;Zain;Pakaian;Online;?1;2;?10;Pemberi Modal;?10;Bandung;
Fashion Keren;Adi;Pakaian;Online;2;3;21-30;Rekan Kerja;51-100;Surabaya;
Warung Santap;Bambang;Kuliner;Offline;5;6;51-60;Pemberi Modal;201-300;Jakarta;
Cuci Cepat;Cindy;Laundry;Online;3;4;31-40;Pemberi Pinjaman;101-200;Bandung;
Print Cepat Express;Dina;Fotocopy/Percetakan;Offline;7;8;71-80;Pemberi Modal;301-400;Medan;
Bengkel Cepat;Edi;Bengkel/Sparepart;Offline;4;5;41-50;Rekan Kerja;101-200;Semarang;
Sate Enak;Fani;Kuliner;Offline;9;?10;91-100;Pemberi Pinjaman;401-500;Surabaya;
Toko Sembako Hemat;Galih;Toko Kelontong;Offline;2;3;21-30;Pemberi Modal;51-100;Medan;
Elektronik Bagus;Hani;Peralatan Listrik;Online;3;4;31-40;Rekan Kerja;51-100;Bandung;
Toko Pustaka Cerdas;Indra;Toko Buku;Offline;6;7;71-80;Pemberi Modal;301-400;Surabaya;
Gadget Murah;Joko;Toko Ponsel;Offline;5;6;61-70;Rekan Kerja;201-300;Jakarta;
Aksesoris Murah;Kirana;Pakaian;Online;2;3;11-20;Pemberi Modal;11-50;Bandung;
Butik Chic;Lina;Pakaian;Offline;4;5;41-50;Pemberi Modal;101-200;Surabaya;
Warung Nikmat;Miko;Kuliner;Offline;3;4;31-40;Rekan Kerja;51-100;Jakarta;
Laundry Ceria;Nana;Laundry;Online;2;3;21-30;Pemberi Pinjaman;51-100;Bandung;
Print Cepat Maju;Opan;Fotocopy/Percetakan;Offline;7;8;71-80;Pemberi Modal;301-400;Medan;
Bengkel Maju Jaya;Putri;Bengkel/Sparepart;Offline;4;5;41-50;Rekan Kerja;101-200;Semarang;
Sate Enak Banget;Qori;Kuliner;Offline;9;?10;91-100;Pemberi Pinjaman;401-500;Surabaya;
Toko Kelontong Hemat;Rina;Toko Kelontong;Offline;2;3;21-30;Pemberi Modal;51-100;Medan;
Elektronik Maju;Satria;Peralatan Listrik;Online;3;4;31-40;Rekan Kerja;51-100;Bandung;
Toko Pustaka Cerdas;Tika;Toko Buku;Offline;6;7;71-80;Pemberi Modal;301-400;Surabaya;
Gadget Murah;Ujang;Toko Ponsel;Offline;5;6;61-70;Rekan Kerja;201-300;Jakarta;
Aksesoris Keren;Vina;Pakaian;Online;2;3;11-20;Pemberi Modal;11-50;Bandung;
Warung Murah Meriah;Wawan;Kuliner;Offline;3;4;21-30;Pemberi Pinjaman;51-100;Yogyakarta;
Cuci Cepat Bersih;Xena;Laundry;Online;?1;2;?10;Pemberi Pinjaman;?10;Bali;
Print Kilat;Yuni;Fotocopy/Percetakan;Offline;5;6;51-60;Pemberi Modal;201-300;Makassar;
BengkelKu;Zaki;Bengkel/Sparepart;Offline;8;9;81-90;Rekan Kerja;301-400;Bandung;
Mode Keren;Adit;Pakaian;Online;2;3;21-30;Rekan Kerja;51-100;Surabaya;
Warung Nasi Enak;Bambang;Kuliner;Offline;5;6;51-60;Pemberi Modal;201-300;Jakarta;
Laundry Express;Cindy;Laundry;Online;3;4;31-40;Pemberi Pinjaman;101-200;Bandung;
Cetak Kilat Express;Dedi;Fotocopy/Percetakan;Offline;7;8;71-80;Pemberi Modal;301-400;Medan;
Bengkel Maju Bersama;Elisa;Bengkel/Sparepart;Offline;4;5;41-50;Rekan Kerja;101-200;Semarang;
Warung Sederhana;Fanny;Kuliner;Offline;9;?10;91-100;Pemberi Pinjaman;401-500;Surabaya;
Toko Serba Murah;Gilang;Toko Kelontong;Offline;2;3;21-30;Pemberi Modal;51-100;Medan;
Elektronik Bagus;Hendra;Peralatan Listrik;Online;3;4;31-40;Rekan Kerja;51-100;Bandung;
Toko Pustaka Maju;Indah;Toko Buku;Offline;6;7;71-80;Pemberi Modal;301-400;Surabaya;
Gadget Murah Meriah;Jaka;Toko Ponsel;Offline;5;6;61-70;Rekan Kerja;201-300;Jakarta;
Aksesoris Trendy;Kania;Pakaian;Online;2;3;11-20;Pemberi Modal;11-50;Bandung;
Warung Lezat;Lani;Kuliner;Offline;3;4;21-30;Pemberi Pinjaman;51-100;Yogyakarta;
Cuci Bersih Cepat;Mira;Laundry;Online;?1;2;?10;Pemberi Pinjaman;?10;Bali;
Print Kilat Maju;Nando;Fotocopy/Percetakan;Offline;5;6;51-60;Pemberi Modal;201-300;Makassar;
Bengkel MotorKu;Oktavia;Bengkel/Sparepart;Offline;8;9;81-90;Rekan Kerja;301-400;Bandung;
Mode Keren;Adit;Pakaian;Online;2;3;21-30;Rekan Kerja;51-100;Surabaya;
Warung Nasi Enak;Bambang;Kuliner;Offline;5;6;51-60;Pemberi Modal;201-300;Jakarta;
Laundry Express;Cindy;Laundry;Online;3;4;31-40;Pemberi Pinjaman;101-200;Bandung;
Cetak Kilat Express;Dedi;Fotocopy/Percetakan;Offline;7;8;71-80;Pemberi Modal;301-400;Medan;
Bengkel Maju Bersama;Elisa;Bengkel/Sparepart;Offline;4;5;41-50;Rekan Kerja;101-200;Semarang;
Warung Sederhana;Fanny;Kuliner;Offline;9;?10;91-100;Pemberi Pinjaman;401-500;Surabaya;
Toko Serba Murah;Gilang;Toko Kelontong;Offline;2;3;21-30;Pemberi Modal;51-100;Medan;
Elektronik Bagus;Hendra;Peralatan Listrik;Online;3;4;31-40;Rekan Kerja;51-100;Bandung;
Toko Pustaka Maju;Indah;Toko Buku;Offline;6;7;71-80;Pemberi Modal;301-400;Surabaya;
Gadget Murah Meriah;Jaka;Toko Ponsel;Offline;5;6;61-70;Rekan Kerja;201-300;Jakarta;
Aksesoris Trendy;Kania;Pakaian;Online;2;3;11-20;Pemberi Modal;11-50;Bandung;
Warung Lezat;Lani;Kuliner;Offline;3;4;21-30;Pemberi Pinjaman;51-100;Yogyakarta;
Cuci Bersih Cepat;Mira;Laundry;Online;?1;2;?10;Pemberi Pinjaman;?10;Bali;
Print Kilat Maju;Nando;Fotocopy/Percetakan;Offline;5;6;51-60;Pemberi Modal;201-300;Makassar;
Bengkel MotorKu;Oktavia;Bengkel/Sparepart;Offline;8;9;81-90;Rekan Kerja;301-400;Bandung;
Mode Keren;Adit;Pakaian;Online;2;3;21-30;Rekan Kerja;51-100;Surabaya;
Warung Nasi Enak;Bambang;Kuliner;Offline;5;6;51-60;Pemberi Modal;201-300;Jakarta;
Laundry Express;Cindy;Laundry;Online;3;4;31-40;Pemberi Pinjaman;101-200;Bandung;
Cetak Kilat Express;Dedi;Fotocopy/Percetakan;Offline;7;8;71-80;Pemberi Modal;301-400;Medan;
Bengkel Maju Bersama;Elisa;Bengkel/Sparepart;Offline;4;5;41-50;Rekan Kerja;101-200;Semarang;
Warung Sederhana;Fanny;Kuliner;Offline;9;?10;91-100;Pemberi Pinjaman;401-500;Surabaya;
Toko Serba Murah;Gilang;Toko Kelontong;Offline;2;3;21-30;Pemberi Modal;51-100;Medan;
Elektronik Bagus;Hendra;Peralatan Listrik;Online;3;4;31-40;Rekan Kerja;51-100;Bandung;
Toko Pustaka Maju;Indah;Toko Buku;Offline;6;7;71-80;Pemberi Modal;301-400;Surabaya;
Gadget Murah Meriah;Jaka;Toko Ponsel;Offline;5;6;61-70;Rekan Kerja;201-300;Jakarta;
Aksesoris Trendy;Kania;Pakaian;Online;2;3;11-20;Pemberi Modal;11-50;Bandung;
Warung Lezat;Lani;Kuliner;Offline;3;4;21-30;Pemberi Pinjaman;51-100;Yogyakarta;
Cuci Bersih Cepat;Mira;Laundry;Online;?1;2;?10;Pemberi Pinjaman;?10;Bali;
Print Kilat Maju;Nando;Fotocopy/Percetakan;Offline;5;6;51-60;Pemberi Modal;201-300;Makassar;
Bengkel MotorKu;Oktavia;Bengkel/Sparepart;Offline;8;9;81-90;Rekan Kerja;301-400;Bandung;
Toko Baju Murah;Prita;Pakaian;Online;3;5;21-30;Pemberi Modal;51-100;Surabaya;
Rumah Makan Enak;Qodri;Kuliner;Offline;6;8;71-80;Pemberi Modal;301-400;Jakarta;
Laundry Kilat;Rika;Laundry;Online;2;3;11-20;Pemberi Pinjaman;51-100;Bandung;
Cetak Cepat;Surya;Fotocopy/Percetakan;Offline;4;6;41-50;Rekan Kerja;101-200;Semarang;
Toko Buku Maju;Tari;Toko Buku;Offline;7;8;81-90;Pemberi Modal;401-500;Surabaya;
Sembako Murah;Rudi;Toko Kelontong;Offline;4;5;31-40;Pemberi Modal;101-200;Surabaya;
Resto Lezat;Sari;Kuliner;Offline;3;4;21-30;Pemberi Pinjaman;51-100;Bandung;
Buku Pintar;Toni;Toko Buku;Offline;5;6;61-70;Rekan Kerja;201-300;Jakarta;
Ponsel Maju;Udin;Toko Ponsel;Offline;7;8;81-90;Pemberi Modal;301-400;Medan;
Batik Trendi;Vina;Pakaian;Online;2;3;11-20;Pemberi Modal;11-50;Bandung;
Ayam Geprek;Wawan;Kuliner;Offline;4;5;31-40;Pemberi Pinjaman;101-200;Jakarta;
Laundry Bersih;Yani;Laundry;Online;3;4;21-30;Rekan Kerja;51-100;Surabaya;
Cetak Digital;Zaki;Fotocopy/Percetakan;Offline;6;7;71-80;Pemberi Modal;201-300;Medan;
Sparepart Motor;Asep;Bengkel/Sparepart;Offline;8;8;81-90;Rekan Kerja;301-400;Semarang;
Grosir Murah;Beni;Toko Kelontong;Offline;5;6;61-70;Pemberi Modal;201-300;Yogyakarta;
Gadget Trend;Cici;Toko Ponsel;Offline;3;4;31-40;Rekan Kerja;51-100;Bandung;
Elektronik Nusantara;Dani;Peralatan Listrik;Online;2;3;11-20;Pemberi Modal;11-50;Surabaya;
Cetak Kilat;Eka;Fotocopy/Percetakan;Offline;4;5;41-50;Pemberi Pinjaman;101-200;Jakarta;
Mie Ayam Solo;Fadil;Kuliner;Offline;5;6;61-70;Pemberi Modal;201-300;Bandung;
Kebaya Cantik;Gita;Pakaian;Online;3;4;21-30;Rekan Kerja;51-100;Surabaya;
Laundry Cepat;Hendra;Laundry;Online;?1;2;?10;Pemberi Pinjaman;?10;Jakarta;
Sablon Jaya;Irma;Fotocopy/Percetakan;Offline;6;7;71-80;Pemberi Modal;201-300;Medan;
Bengkel Serasi;Joni;Bengkel/Sparepart;Offline;7;8;81-90;Rekan Kerja;301-400;Semarang;
Warung Sejahtera;Kartika;Kuliner;Offline;3;4;31-40;Pemberi Modal;51-100;Yogyakarta;
Ponsel Murah;Lisa;Toko Ponsel;Offline;2;3;11-20;Pemberi Pinjaman;11-50;Bandung;
Elektronik Berkah;Maman;Peralatan Listrik;Online;4;5;41-50;Rekan Kerja;101-200;Surabaya;
Buku Nusantara;Nina;Toko Buku;Offline;5;6;61-70;Pemberi Modal;201-300;Jakarta;
Makanan Lezat;Oka;Kuliner;Offline;2;3;21-30;Pemberi Pinjaman;51-100;Bandung;
Laundry Bersih Cepat;Putri;Laundry;Online;3;4;21-30;Rekan Kerja;51-100;Surabaya;
Print Murah;Qomar;Fotocopy/Percetakan;Offline;6;7;71-80;Pemberi Modal;201-300;Medan;
Kebaya Cantik Jaya;Rina;Pakaian;Online;3;4;21-30;Pemberi Modal;51-100;Jakarta;
Gadget Canggih;Susi;Toko Ponsel;Offline;4;5;41-50;Pemberi Pinjaman;101-200;Bandung;
Ayam Goreng Nikmat;Tomi;Kuliner;Offline;5;6;61-70;Pemberi Modal;201-300;Surabaya;
Batik Trendi Jaya;Uci;Pakaian;Online;3;4;21-30;Rekan Kerja;51-100;Jakarta;
Sablon Kilat;Vira;Fotocopy/Percetakan;Offline;5;6;61-70;Pemberi Modal;201-300;Bandung;
Service Motor Cepat;Wawan;Bengkel/Sparepart;Offline;6;7;71-80;Rekan Kerja;201-300;Medan;
Grosir Berkah;Yuni;Toko Kelontong;Offline;4;5;31-40;Pemberi Modal;101-200;Semarang;
Elektronik Murah;Zainal;Peralatan Listrik;Online;2;3;11-20;Pemberi Pinjaman;11-50;Jakarta;
Baju Modis;Ahmad;Pakaian;Online;?1;2;?10;Pemberi Pinjaman;?10;Bandung;
Warung Sehat;Budi;Kuliner;Offline;3;4;21-30;Pemberi Modal;51-100;Surabaya;
Laundry Bersih Kilat;Citra;Laundry;Online;4;5;41-50;Rekan Kerja;101-200;Jakarta;
Print Sejahtera;Dian;Fotocopy/Percetakan;Offline;5;6;61-70;Pemberi Modal;201-300;Bandung;
Bengkel Berkah;Eko;Bengkel/Sparepart;Offline;7;8;81-90;Rekan Kerja;301-400;Surabaya;
Toko Sembako Murah;Fita;Toko Kelontong;Offline;4;5;31-40;Pemberi Pinjaman;101-200;Jakarta;
Gadget Berkah;Galih;Toko Ponsel;Offline;3;4;21-30;Pemberi Modal;51-100;Bandung;
Elektronik Canggih;Hani;Peralatan Listrik;Online;2;3;11-20;Rekan Kerja;11-50;Surabaya;
Buku Pintar;Ira;Toko Buku;Offline;5;6;61-70;Pemberi Modal;201-300;Jakarta;
Keripik Lezat;Juli;Kuliner;Offline;2;3;11-20;Pemberi Pinjaman;11-50;Bandung;
Toko Kain Maju;Koko;Pakaian;Offline;4;5;31-40;Pemberi Modal;101-200;Jakarta;
Es Krim Segar;Lina;Kuliner;Offline;3;4;21-30;Rekan Kerja;51-100;Surabaya;
Cuci Mobil Cepat;Maman;Laundry;Offline;5;6;61-70;Pemberi Modal;201-300;Medan;
Toko Buku Pintar;Nina;Toko Buku;Offline;6;7;71-80;Rekan Kerja;201-300;Semarang;
Fotocopy Cepat;Oki;Fotocopy/Percetakan;Offline;7;8;81-90;Pemberi Modal;301-400;Yogyakarta;
Toko Ponsel Berkah;Putri;Toko Ponsel;Offline;3;4;31-40;Pemberi Pinjaman;51-100;Bandung;
Makanan Tradisional;Qomar;Kuliner;Offline;4;5;41-50;Pemberi Modal;101-200;Surabaya;
Aksesoris Keren;Rina;Pakaian;Online;3;4;21-30;Rekan Kerja;51-100;Jakarta;
Gadget Modern;Susi;Toko Ponsel;Offline;5;6;61-70;Pemberi Modal;201-300;Bandung;
Ayam Goreng Enak;Tomi;Kuliner;Offline;6;7;71-80;Rekan Kerja;201-300;Surabaya;
Batik Cantik;Uci;Pakaian;Online;2;3;11-20;Pemberi Pinjaman;11-50;Jakarta;
Cetak Murah;Vira;Fotocopy/Percetakan;Offline;4;5;31-40;Pemberi Modal;101-200;Bandung;
Service Sepeda Motor;Wawan;Bengkel/Sparepart;Offline;6;7;71-80;Rekan Kerja;201-300;Medan;
Toko Sembako;Yuni;Toko Kelontong;Offline;3;4;21-30;Pemberi Modal;51-100;Semarang;
Elektronik Terbaik;Zainal;Peralatan Listrik;Online;5;6;61-70;Pemberi Modal;201-300;Jakarta;
Toko Roti Manis;Agus;Kuliner;Offline;2;3;11-20;Pemberi Pinjaman;11-50;Bandung;
Cuci Baju Cepat;Budi;Laundry;Online;4;5;41-50;Rekan Kerja;101-200;Surabaya;
Warung Enak;Citra;Kuliner;Offline;6;7;71-80;Pemberi Modal;201-300;Jakarta;
Toko Buku Lengkap;Dian;Toko Buku;Offline;3;4;21-30;Pemberi Modal;51-100;Bandung;
Cetak Foto Kilat;Eko;Fotocopy/Percetakan;Offline;5;6;61-70;Pemberi Pinjaman;201-300;Medan;
Service AC;Fita;Peralatan Listrik;Online;7;8;81-90;Rekan Kerja;301-400;Surabaya;
Bengkel Mobil Cepat;Galih;Bengkel/Sparepart;Offline;6;7;71-80;Pemberi Modal;201-300;Jakarta;
Gadget Terbaik;Hani;Toko Ponsel;Offline;3;4;31-40;Pemberi Pinjaman;51-100;Bandung;
Batik Mewah;Irma;Pakaian;Online;2;3;11-20;Pemberi Modal;11-50;Surabaya;
Soto Nusantara;Joni;Kuliner;Offline;5;6;61-70;Rekan Kerja;201-300;Medan;
Laundry Sukses;Kartika;Laundry;Online;3;4;21-30;Pemberi Pinjaman;51-100;Jakarta;
Sablon Murah;Lina;Fotocopy/Percetakan;Offline;4;5;31-40;Pemberi Modal;101-200;Bandung;
Sparepart Murah;Maman;Bengkel/Sparepart;Offline;6;7;71-80;Rekan Kerja;201-300;Surabaya;
Sembako Jaya;Nina;Toko Kelontong;Offline;3;4;21-30;Pemberi Modal;51-100;Jakarta;
Elektronik Canggih;Oki;Peralatan Listrik;Online;2;3;11-20;Pemberi Pinjaman;11-50;Bandung;
Batik Nusantara;Putri;Pakaian;Online;?1;2;?10;Pemberi Modal;?10;Surabaya;
Gadget Murah Meriah;Qomar;Toko Ponsel;Offline;3;4;21-30;Rekan Kerja;51-100;Jakarta;
Ayam Bakar Enak;Rina;Kuliner;Offline;5;6;61-70;Pemberi Modal;201-300;Bandung;
Laundry Kilat;Susi;Laundry;Online;3;4;21-30;Pemberi Pinjaman;51-100;Surabaya;
Toko Buku Hebat;Tomi;Toko Buku;Offline;4;5;31-40;Pemberi Modal;101-200;Jakarta;
Cetak Cepat Hemat;Uci;Fotocopy/Percetakan;Offline;6;7;71-80;Rekan Kerja;201-300;Bandung;
Sparepart Hemat;Vira;Bengkel/Sparepart;Offline;5;6;61-70;Pemberi Modal;201-300;Medan;
Grosir Terbaik;Wawan;Toko Kelontong;Offline;3;4;21-30;Pemberi Pinjaman;51-100;Surabaya;
Elektronik Sejahtera;Yuni;Peralatan Listrik;Online;2;3;11-20;Rekan Kerja;11-50;Jakarta;
Warung Rakyat;Zainal;Kuliner;Offline;?1;2;?10;Pemberi Modal;?10;Bandung;
Batik Lestari;Agus;Pakaian;Online;3;4;21-30;Pemberi Pinjaman;51-100;Surabaya;
Gadget Nusantara;Budi;Toko Ponsel;Offline;5;6;61-70;Rekan Kerja;201-300;Jakarta;
Ayam Goreng Maknyus;Citra;Kuliner;Offline;4;5;31-40;Pemberi Modal;101-200;Bandung;
Laundry Sejahtera;Dian;Laundry;Online;2;3;11-20;Pemberi Pinjaman;11-50;Surabaya;
Buku Pintar;Eko;Toko Buku;Offline;3;4;21-30;Rekan Kerja;51-100;Jakarta;
Print Express;Fita;Fotocopy/Percetakan;Offline;5;6;61-70;Pemberi Modal;201-300;Bandung;
Bengkel Sukses;Galih;Bengkel/Sparepart;Offline;6;7;71-80;Rekan Kerja;201-300;Surabaya;
Toko Sembako Sejahtera;Hani;Toko Kelontong;Offline;3;4;21-30;Pemberi Pinjaman;51-100;Jakarta;
Elektronik Maju;Irma;Peralatan Listrik;Online;2;3;11-20;Rekan Kerja;11-50;Bandung;
Soto Enak;Joni;Kuliner;Offline;4;5;31-40;Pemberi Modal;101-200;Surabaya;
Laundry Murah Cepat;Kartika;Laundry;Online;3;4;21-30;Pemberi Pinjaman;51-100;Jakarta;
Batik Murah;Lina;Pakaian;Online;2;3;11-20;Pemberi Modal;11-50;Bandung;
Gadget Canggih;Maman;Toko Ponsel;Offline;5;6;61-70;Rekan Kerja;201-300;Medan;
Warung Murah Meriah;Nina;Kuliner;Offline;3;4;21-30;Pemberi Pinjaman;51-100;Surabaya;
Elektronik Murah;Oki;Peralatan Listrik;Online;4;5;31-40;Pemberi Modal;101-200;Jakarta;
Toko Pakaian Cantik;Putri;Pakaian;Online;2;3;11-20;Rekan Kerja;11-50;Bandung;
Soto Enak Sekali;Qomar;Kuliner;Offline;5;6;61-70;Pemberi Modal;201-300;Surabaya;
Laundry Express;Rina;Laundry;Online;3;4;21-30;Pemberi Pinjaman;51-100;Jakarta;
Toko Buku Hebat;Susi;Toko Buku;Offline;4;5;31-40;Pemberi Modal;101-200;Bandung;
Print Kilat;Tomi;Fotocopy/Percetakan;Offline;5;6;61-70;Rekan Kerja;201-300;Surabaya;
Service Motor;Uci;Bengkel/Sparepart;Offline;6;7;71-80;Pemberi Pinjaman;201-300;Jakarta;
Grosir Murah;Vira;Toko Kelontong;Offline;3;4;21-30;Pemberi Modal;51-100;Bandung;
Elektronik Terjangkau;Wawan;Peralatan Listrik;Online;2;3;11-20;Rekan Kerja;11-50;Surabaya;
Ayam Goreng Mantap;Yuni;Kuliner;Offline;?1;2;?10;Pemberi Pinjaman;?10;Jakarta;
Batik Tradisional;Zainal;Pakaian;Online;3;4;21-30;Pemberi Modal;51-100;Bandung;
Gadget Canggih Murah;Agus;Toko Ponsel;Offline;5;6;61-70;Rekan Kerja;201-300;Surabaya;
Soto Khas;Budi;Kuliner;Offline;4;5;31-40;Pemberi Modal;101-200;Jakarta;
Laundry Cepat Murah;Citra;Laundry;Online;2;3;11-20;Pemberi Pinjaman;11-50;Bandung;
Toko Buku Laris;Dian;Toko Buku;Offline;3;4;21-30;Rekan Kerja;51-100;Surabaya;
Fotocopy Murah;Eko;Fotocopy/Percetakan;Offline;5;6;61-70;Pemberi Modal;201-300;Jakarta;
Service AC Terbaik;Fita;Peralatan Listrik;Online;7;8;81-90;Rekan Kerja;301-400;Bandung;
Bengkel Mobil Maju;Galih;Bengkel/Sparepart;Offline;6;7;71-80;Pemberi Modal;201-300;Surabaya;
Toko Sembako Hemat;Hani;Toko Kelontong;Offline;3;4;21-30;Pemberi Pinjaman;51-100;Jakarta;
Elektronik Pintar;Irma;Peralatan Listrik;Online;2;3;11-20;Rekan Kerja;11-50;Bandung;
Soto Maknyus;Joni;Kuliner;Offline;4;5;31-40;Pemberi Modal;101-200;Surabaya;
Laundry Kilat Murah;Kartika;Laundry;Online;3;4;21-30;Pemberi Pinjaman;51-100;Jakarta;
Batik Nusantara Murah;Lina;Pakaian;Online;2;3;11-20;Pemberi Modal;11-50;Bandung;
Gadget Terjangkau;Maman;Toko Ponsel;Offline;5;6;61-70;Rekan Kerja;201-300;Medan;
Warung Hemat;Nina;Kuliner;Offline;3;4;21-30;Pemberi Pinjaman;51-100;Surabaya;
Elektronik Murah Meriah;Oki;Peralatan Listrik;Online;4;5;31-40;Pemberi Modal;101-200;Jakarta;
Toko Pakaian Modern;Putri;Pakaian;Online;2;3;11-20;Rekan Kerja;11-50;Bandung;
Soto Murah Meriah;Qomar;Kuliner;Offline;5;6;61-70;Pemberi Modal;201-300;Surabaya;
Laundry Bersih Cepat;Rina;Laundry;Online;3;4;21-30;Pemberi Pinjaman;51-100;Jakarta;
Toko Buku Modern;Susi;Toko Buku;Offline;4;5;31-40;Pemberi Modal;101-200;Bandung;
Print Murah Cepat;Tomi;Fotocopy/Percetakan;Offline;5;6;61-70;Rekan Kerja;201-300;Surabaya;
Service Motor Cepat;Uci;Bengkel/Sparepart;Offline;6;7;71-80;Pemberi Pinjaman;201-300;Jakarta;
Grosir Maju;Vira;Toko Kelontong;Offline;3;4;21-30;Pemberi Modal;51-100;Bandung;
Elektronik Sederhana;Wawan;Peralatan Listrik;Online;2;3;11-20;Rekan Kerja;11-50;Surabaya;
Ayam Goreng Lezat;Yuni;Kuliner;Offline;?1;2;?10;Pemberi Pinjaman;?10;Jakarta;
Batik Eksklusif;Zainal;Pakaian;Online;3;4;21-30;Pemberi Modal;51-100;Bandung;
Gadget Hemat;Agus;Toko Ponsel;Offline;5;6;61-70;Rekan Kerja;201-300;Surabaya;
Soto Nikmat;Budi;Kuliner;Offline;4;5;31-40;Pemberi Modal;101-200;Jakarta;
Laundry Murah Cepat;Citra;Laundry;Online;2;3;11-20;Pemberi Pinjaman;11-50;Bandung;
Toko Buku Laris Manis;Dian;Toko Buku;Offline;3;4;21-30;Rekan Kerja;51-100;Surabaya;
Fotocopy Cepat Murah;Eko;Fotocopy/Percetakan;Offline;5;6;61-70;Pemberi Modal;201-300;Jakarta;
Service AC Sukses;Fita;Peralatan Listrik;Online;7;8;81-90;Rekan Kerja;301-400;Bandung;
Bengkel Mobil Murah;Galih;Bengkel/Sparepart;Offline;6;7;71-80;Pemberi Modal;201-300;Surabaya;
Toko Sembako Pintar;Hani;Toko Kelontong;Offline;3;4;21-30;Pemberi Pinjaman;51-100;Jakarta;
Elektronik Murah;Irma;Peralatan Listrik;Online;2;3;11-20;Rekan Kerja;11-50;Bandung;
Soto Maknyus Sekali;Joni;Kuliner;Offline;4;5;31-40;Pemberi Modal;101-200;Surabaya;
Laundry Hemat Cepat;Kartika;Laundry;Online;3;4;21-30;Pemberi Pinjaman;51-100;Jakarta;
Batik Nusantara Murah;Lina;Pakaian;Online;2;3;11-20;Pemberi Modal;11-50;Bandung;
Gadget Pintar;Maman;Toko Ponsel;Offline;5;6;61-70;Rekan Kerja;201-300;Medan;
Warung Murah Meriah;Nina;Kuliner;Offline;3;4;21-30;Pemberi Pinjaman;51-100;Surabaya;
Elektronik Terjangkau;Oki;Peralatan Listrik;Online;4;5;31-40;Pemberi Modal;101-200;Jakarta;
Toko Pakaian Modern;Putri;Pakaian;Online;2;3;11-20;Rekan Kerja;11-50;Bandung;
Soto Enak Sekali;Qomar;Kuliner;Offline;5;6;61-70;Pemberi Modal;201-300;Surabaya;
Laundry Bersih Cepat;Rina;Laundry;Online;3;4;21-30;Pemberi Pinjaman;51-100;Jakarta;
Toko Buku Modern;Susi;Toko Buku;Offline;4;5;31-40;Pemberi Modal;101-200;Bandung;
Print Murah Cepat;Tomi;Fotocopy/Percetakan;Offline;5;6;61-70;Rekan Kerja;201-300;Surabaya;
Service Motor Cepat;Uci;Bengkel/Sparepart;Offline;6;7;71-80;Pemberi Pinjaman;201-300;Jakarta;
Grosir Maju;Vira;Toko Kelontong;Offline;3;4;21-30;Pemberi Modal;51-100;Bandung;
Elektronik Sederhana;Wawan;Peralatan Listrik;Online;2;3;11-20;Rekan Kerja;11-50;Surabaya;
Ayam Goreng Lezat;Yuni;Kuliner;Offline;?1;2;?10;Pemberi Pinjaman;?10;Jakarta;
Batik Eksklusif;Zainal;Pakaian;Online;3;4;21-30;Pemberi Modal;51-100;Bandung;
Gadget Hemat;Agus;Toko Ponsel;Offline;5;6;61-70;Rekan Kerja;201-300;Surabaya;
Soto Nikmat;Budi;Kuliner;Offline;4;5;31-40;Pemberi Modal;101-200;Jakarta;
Laundry Murah Cepat;Citra;Laundry;Online;2;3;11-20;Pemberi Pinjaman;11-50;Bandung;
Toko Buku Laris Manis;Dian;Toko Buku;Offline;3;4;21-30;Rekan Kerja;51-100;Surabaya;
Fotocopy Cepat Murah;Eko;Fotocopy/Percetakan;Offline;5;6;61-70;Pemberi Modal;201-300;Jakarta;
Service AC Sukses;Fita;Peralatan Listrik;Online;7;8;81-90;Rekan Kerja;301-400;Bandung;
Ayam Bakar Mantap;Jani;Kuliner;Offline;4;5;31-40;Pemberi Modal;101-200;Bandung;
Toko Obat Murah;Kiki;Toko Kelontong;Offline;3;4;21-30;Pemberi Pinjaman;51-100;Surabaya;
Cuci Kilat Express;Lala;Laundry;Online;2;3;11-20;Rekan Kerja;11-50;Jakarta;
Print Jaya;Maman;Fotocopy/Percetakan;Offline;5;6;61-70;Pemberi Modal;201-300;Medan;
Bengkel Terampil;Nani;Bengkel/Sparepart;Offline;7;8;81-90;Rekan Kerja;301-400;Semarang;
Restoran Enak;Opi;Kuliner;Offline;4;5;31-40;Pemberi Modal;101-200;Yogyakarta;
Toko Pakaian Murah;Paman;Pakaian;Online;3;4;21-30;Pemberi Modal;51-100;Bandung;
Mie Ayam Mantap;Qori;Kuliner;Offline;5;6;61-70;Pemberi Pinjaman;101-200;Surabaya;
Sablon Cepat;Rini;Fotocopy/Percetakan;Offline;3;4;21-30;Rekan Kerja;51-100;Jakarta;
Toko Buku Murah;Sari;Toko Buku;Offline;2;3;11-20;Pemberi Modal;11-50;Bandung;
Elektronik Berkualitas;Tono;Peralatan Listrik;Online;?1;2;?10;Pemberi Pinjaman;?10;Surabaya;
Warung Lezat;Ucu;Kuliner;Offline;3;4;21-30;Pemberi Modal;51-100;Bandung;
Laundry Kilat Cepat;Vivi;Laundry;Online;4;5;41-50;Pemberi Pinjaman;101-200;Jakarta;
Cetak Murah;Wawan;Fotocopy/Percetakan;Offline;5;6;61-70;Pemberi Modal;201-300;Medan;
Bengkel Motor Terbaik;Xander;Bengkel/Sparepart;Offline;7;8;81-90;Rekan Kerja;301-400;Semarang;
Toko Kelontong Terjangkau;Yani;Toko Kelontong;Offline;4;5;31-40;Pemberi Modal;101-200;Yogyakarta;
Toko Ponsel Murah;Zara;Toko Ponsel;Offline;3;4;21-30;Pemberi Pinjaman;51-100;Bandung;
Sate Ayam Sedap;Jeni;Kuliner;Offline;3;4;21-30;Pemberi Modal;51-100;Bandung;
Apotek Sehat;Koko;Toko Kelontong;Offline;4;5;31-40;Pemberi Pinjaman;101-200;Surabaya;
Ekspres Laundry;Lili;Laundry;Online;2;3;?10;Rekan Kerja;?10;Jakarta;
Cetak Cepat;Meme;Fotocopy/Percetakan;Offline;5;6;61-70;Pemberi Modal;201-300;Medan;
Bengkel Keren;Nono;Bengkel/Sparepart;Offline;7;8;81-90;Rekan Kerja;301-400;Semarang;
Resto Sejahtera;Opik;Kuliner;Offline;4;5;31-40;Pemberi Modal;101-200;Yogyakarta;
Toko Baju Murah;Puput;Pakaian;Online;3;4;21-30;Pemberi Modal;51-100;Bandung;
Soto Betawi Lezat;Qomari;Kuliner;Offline;5;6;61-70;Pemberi Pinjaman;101-200;Surabaya;
Print Murah Cepat;Rina;Fotocopy/Percetakan;Offline;3;4;21-30;Rekan Kerja;51-100;Jakarta;
Toko Buku Berkualitas;Siska;Toko Buku;Offline;2;3;?10;Pemberi Modal;?10;Bandung;
Gadget Murah Meriah;Tami;Toko Ponsel;Offline;?1;2;?10;Pemberi Pinjaman;?10;Surabaya;
Warung Enak;Umi;Kuliner;Offline;3;4;21-30;Pemberi Modal;51-100;Bandung;
Cuci Kilat dan Kilat;Vina;Laundry;Online;4;5;41-50;Pemberi Pinjaman;101-200;Jakarta;
Print Cepat Murah;Wawan;Fotocopy/Percetakan;Offline;5;6;61-70;Pemberi Modal;201-300;Medan;
Bengkel Motor Maju;Xena;Bengkel/Sparepart;Offline;7;8;81-90;Rekan Kerja;301-400;Semarang;
Toko Kelontong Murah;Yuki;Toko Kelontong;Offline;4;5;31-40;Pemberi Modal;101-200;Yogyakarta;
Toko Ponsel Berkualitas;Zayn;Toko Ponsel;Offline;3;4;21-30;Pemberi Pinjaman;51-100;Bandung;
Ayam Goreng Enak;Aji;Kuliner;Offline;4;5;31-40;Pemberi Modal;101-200;Surabaya;
Toko Obat Berkualitas;Bunga;Toko Kelontong;Offline;3;4;21-30;Pemberi Pinjaman;51-100;Jakarta;
Layanan Cuci Kilat;Caca;Laundry;Online;2;3;?10;Rekan Kerja;?10;Bandung;
Print Kilat;Didi;Fotocopy/Percetakan;Offline;5;6;61-70;Pemberi Modal;201-300;Surabaya;
Bengkel Motor Cepat;Elsa;Bengkel/Sparepart;Offline;7;8;81-90;Rekan Kerja;301-400;Jakarta;
Resto Cepat;Fitri;Kuliner;Offline;4;5;31-40;Pemberi Modal;101-200;Bandung;
Toko Baju Berkualitas;Gita;Pakaian;Online;3;4;21-30;Pemberi Modal;51-100;Surabaya;
Gadget Berkualitas;Hadi;Toko Ponsel;Offline;?1;2;?10;Pemberi Pinjaman;?10;Jakarta;
Warung Lezat Cepat;Indra;Kuliner;Offline;3;4;21-30;Pemberi Modal;51-100;Bandung;
Laundry Kilat Bersih;Joko;Laundry;Online;4;5;41-50;Pemberi Pinjaman;101-200;Surabaya;
Toko Buku Murah;Karyo;Toko Buku;Offline;2;3;?10;Pemberi Modal;?10;Bandung;
Bengkel Motor Handal;Lina;Bengkel/Sparepart;Offline;6;7;71-80;Rekan Kerja;401-500;Semarang;
Warung Makan Sejahtera;Mira;Kuliner;Offline;5;6;61-70;Pemberi Modal;301-400;Surabaya;
Toko Kelontong Serba Ada;Nino;Toko Kelontong;Offline;3;4;21-30;Pemberi Pinjaman;51-100;Jakarta;
Cuci Kilat Express;Olga;Laundry;Online;4;5;41-50;Pemberi Modal;201-300;Bandung;
Print Cepat Berkualitas;Putra;Fotocopy/Percetakan;Offline;5;6;61-70;Rekan Kerja;201-300;Yogyakarta;
Resto Enak;Qodir;Kuliner;Offline;4;5;31-40;Pemberi Modal;101-200;Medan;
Toko Elektronik Berkualitas;Rini;Peralatan Listrik;Online;2;3;?10;Pemberi Pinjaman;?10;Bandung;
Toko Pakaian Murah;Santi;Pakaian;Online;3;4;21-30;Pemberi Modal;51-100;Surabaya;
Toko Ponsel Berkualitas;Tito;Toko Ponsel;Offline;2;3;?10;Pemberi Pinjaman;?10;Jakarta;
Warung Nasi Enak;Umi;Kuliner;Offline;3;4;21-30;Pemberi Modal;51-100;Bandung;
Laundry Bersih;Vian;Laundry;Online;4;5;41-50;Pemberi Pinjaman;101-200;Surabaya;
Print Murah Berkualitas;Wira;Fotocopy/Percetakan;Offline;5;6;61-70;Pemberi Modal;201-300;Medan;
Bengkel Motor Maju;Xena;Bengkel/Sparepart;Offline;7;8;81-90;Rekan Kerja;301-400;Semarang;
Toko Kelontong Berkualitas;Yanto;Toko Kelontong;Offline;4;5;31-40;Pemberi Modal;101-200;Yogyakarta;
Toko Ponsel Murah;Zara;Toko Ponsel;Offline;3;4;21-30;Pemberi Pinjaman;51-100;Bandung;
Warung Makan Sederhana;Ade;Kuliner;Offline;4;5;31-40;Pemberi Modal;101-200;Surabaya;
Apotek Berkualitas;Budi;Toko Kelontong;Offline;3;4;21-30;Pemberi Pinjaman;51-100;Jakarta;
Laundry Kilat;Cindy;Laundry;Online;2;3;?10;Rekan Kerja;?10;Bandung;
Print Kilat Murah;Dian;Fotocopy/Percetakan;Offline;5;6;61-70;Pemberi Modal;201-300;Surabaya;
Bengkel Motor Cepat;Elsa;Bengkel/Sparepart;Offline;7;8;81-90;Rekan Kerja;301-400;Jakarta;
Resto Enak Cepat;Fitri;Kuliner;Offline;4;5;31-40;Pemberi Modal;101-200;Bandung;
Toko Pakaian Berkualitas;Gita;Pakaian;Online;3;4;21-30;Pemberi Modal;51-100;Surabaya;
Gadget Berkualitas;Hadi;Toko Ponsel;Offline;?1;2;?10;Pemberi Pinjaman;?10;Jakarta;
Warung Makan Cepat;Indra;Kuliner;Offline;3;4;21-30;Pemberi Modal;51-100;Bandung;
Laundry Kilat Cepat;Joko;Laundry;Online;4;5;41-50;Pemberi Pinjaman;101-200;Surabaya;
Warung Makan Enak;Kiki;Kuliner;Offline;3;4;21-30;Pemberi Modal;51-100;Bandung;
Toko Obat Berkualitas;Lala;Toko Kelontong;Offline;4;5;31-40;Pemberi Pinjaman;101-200;Surabaya;
Cuci Kilat Express;Momo;Laundry;Online;2;3;?10;Rekan Kerja;?10;Jakarta;
Print Cepat Murah;Nana;Fotocopy/Percetakan;Offline;5;6;61-70;Pemberi Modal;201-300;Medan;
Bengkel Mobil Terbaik;Oma;Bengkel/Sparepart;Offline;7;8;81-90;Rekan Kerja;301-400;Semarang;
Resto Lezat;Putri;Kuliner;Offline;4;5;31-40;Pemberi Modal;101-200;Yogyakarta;
Toko Baju Murah Meriah;Rudi;Pakaian;Online;3;4;21-30;Pemberi Modal;51-100;Bandung;
Soto Ayam Enak;Santi;Kuliner;Offline;5;6;61-70;Pemberi Pinjaman;101-200;Surabaya;
Print Murah Berkualitas;Tita;Fotocopy/Percetakan;Offline;3;4;21-30;Rekan Kerja;51-100;Jakarta;
Toko Buku Berkualitas;Umar;Toko Buku;Offline;2;3;?10;Pemberi Modal;?10;Bandung;
Toko Ponsel Murah Meriah;Vina;Toko Ponsel;Offline;?1;2;?10;Pemberi Pinjaman;?10;Surabaya;
Warung Makan Sederhana;Wawan;Kuliner;Offline;3;4;21-30;Pemberi Modal;51-100;Bandung;
Cuci Kilat Cepat;Xian;Laundry;Online;4;5;41-50;Pemberi Pinjaman;101-200;Surabaya;
Print Murah Cepat;Yaya;Fotocopy/Percetakan;Offline;5;6;61-70;Pemberi Modal;201-300;Medan;
Bengkel Mobil Berkualitas;Zura;Bengkel/Sparepart;Offline;7;8;81-90;Rekan Kerja;301-400;Semarang;
Warung Nasi Lezat;Ani;Kuliner;Offline;4;5;31-40;Pemberi Modal;101-200;Yogyakarta;
Toko Kelontong Murah;Budi;Toko Kelontong;Offline;3;4;21-30;Pemberi Modal;51-100;Bandung;
Toko Ponsel Berkualitas;Cindy;Toko Ponsel;Offline;2;3;?10;Pemberi Pinjaman;?10;Surabaya;
Toko Baju Berkualitas;Dika;Pakaian;Online;3;4;21-30;Pemberi Modal;51-100;Jakarta;
Warung Makan Berkualitas;Elsa;Kuliner;Offline;4;5;31-40;Pemberi Modal;101-200;Bandung;
Toko Baju Murah;Fitri;Pakaian;Online;3;4;21-30;Pemberi Modal;51-100;Surabaya;
Restoran Enak;Gita;Kuliner;Offline;5;6;61-70;Pemberi Pinjaman;101-200;Jakarta;
Toko Obat Murah;Hadi;Toko Kelontong;Offline;4;5;31-40;Pemberi Modal;101-200;Bandung;
Cuci Kilat Express;Indra;Laundry;Online;2;3;?10;Rekan Kerja;?10;Surabaya;
Print Cepat Murah;Joko;Fotocopy/Percetakan;Offline;5;6;61-70;Pemberi Modal;201-300;Medan;
Bengkel Mobil Terbaik;Kiki;Bengkel/Sparepart;Offline;7;8;81-90;Rekan Kerja;301-400;Semarang;
Restoran Lezat;Lala;Kuliner;Offline;4;5;31-40;Pemberi Modal;101-200;Yogyakarta;
Toko Baju Murah Meriah;Momo;Pakaian;Online;3;4;21-30;Pemberi Modal;51-100;Bandung;
Warung Makan Enak;Nana;Kuliner;Offline;5;6;61-70;Pemberi Pinjaman;101-200;Surabaya;
Toko Obat Berkualitas;Oma;Toko Kelontong;Offline;4;5;31-40;Pemberi Modal;101-200;Jakarta;
Cuci Kilat Cepat;Putri;Laundry;Online;2;3;?10;Rekan Kerja;?10;Surabaya;
Print Murah Berkualitas;Rudi;Fotocopy/Percetakan;Offline;3;4;21-30;Rekan Kerja;51-100;Jakarta;
Toko Buku Berkualitas;Santi;Toko Buku;Offline;2;3;?10;Pemberi Modal;?10;Bandung;
Toko Ponsel Murah Meriah;Tita;Toko Ponsel;Offline;?1;2;?10;Pemberi Pinjaman;?10;Surabaya;
Warung Makan Sederhana;Umar;Kuliner;Offline;3;4;21-30;Pemberi Modal;51-100;Bandung;
Cuci Kilat Bersih;Vina;Laundry;Online;4;5;41-50;Pemberi Pinjaman;101-200;Surabaya;
Print Murah Cepat;Wawan;Fotocopy/Percetakan;Offline;5;6;61-70;Pemberi Modal;201-300;Medan;
Bengkel Mobil Maju;Xian;Bengkel/Sparepart;Offline;7;8;81-90;Rekan Kerja;301-400;Semarang;
Resto Enak Cepat;Yaya;Kuliner;Offline;4;5;31-40;Pemberi Modal;101-200;Yogyakarta;
Toko Pakaian Berkualitas;Zura;Pakaian;Online;3;4;21-30;Pemberi Modal;51-100;Bandung;
Warung Nasi Enak;Ani;Kuliner;Offline;4;5;31-40;Pemberi Modal;101-200;Surabaya;
Toko Kelontong Murah;Budi;Toko Kelontong;Offline;3;4;21-30;Pemberi Modal;51-100;Bandung;
Toko Ponsel Berkualitas;Cindy;Toko Ponsel;Offline;2;3;?10;Pemberi Pinjaman;?10;Surabaya;
Toko Baju Berkualitas;Dika;Pakaian;Online;3;4;21-30;Pemberi Modal;51-100;Jakarta;
Warung Makan Berkualitas;Elsa;Kuliner;Offline;4;5;31-40;Pemberi Modal;101-200;Bandung;
Cuci Kilat Terbaik;Fifi;Laundry;Online;5;6;61-70;Pemberi Pinjaman;201-300;Medan;
Print Kilat Berkualitas;Gilang;Fotocopy/Percetakan;Offline;6;7;71-80;Pemberi Modal;301-400;Semarang;
Bengkel Mobil Cepat;Hesti;Bengkel/Sparepart;Offline;8;9;91-100;Rekan Kerja;401-500;Yogyakarta;
Cuci Kilat Murah;Fira;Laundry;Online;2;3;?10;Pemberi Pinjaman;?10;Jakarta;
Print Murah Berkualitas;Gilang;Fotocopy/Percetakan;Offline;5;6;61-70;Pemberi Modal;201-300;Medan;
Bengkel Motor Handal;Hana;Bengkel/Sparepart;Offline;7;8;81-90;Rekan Kerja;301-400;Semarang;
Resto Enak dan Murah;Indah;Kuliner;Offline;4;5;31-40;Pemberi Modal;101-200;Yogyakarta;
Toko Baju Murah;Joko;Pakaian;Online;3;4;21-30;Pemberi Modal;51-100;Bandung;
Warung Makan Enak;Kiki;Kuliner;Offline;3;4;21-30;Pemberi Modal;51-100;Bandung;
Toko Obat Berkualitas;Lala;Toko Kelontong;Offline;4;5;31-40;Pemberi Pinjaman;101-200;Surabaya;
Cuci Kilat Express;Momo;Laundry;Online;2;3;?10;Rekan Kerja;?10;Jakarta;
Print Cepat Murah;Nana;Fotocopy/Percetakan;Offline;5;6;61-70;Pemberi Modal;201-300;Medan;
Bengkel Mobil Terbaik;Oma;Bengkel/Sparepart;Offline;7;8;81-90;Rekan Kerja;301-400;Semarang;
Resto Lezat;Putri;Kuliner;Offline;4;5;31-40;Pemberi Modal;101-200;Yogyakarta;
Toko Baju Murah Meriah;Rudi;Pakaian;Online;3;4;21-30;Pemberi Modal;51-100;Bandung;
Soto Ayam Enak;Santi;Kuliner;Offline;5;6;61-70;Pemberi Pinjaman;101-200;Surabaya;
Print Murah Berkualitas;Tita;Fotocopy/Percetakan;Offline;3;4;21-30;Rekan Kerja;51-100;Jakarta;
Toko Buku Berkualitas;Umar;Toko Buku;Offline;2;3;?10;Pemberi Modal;?10;Bandung;
Toko Ponsel Murah Meriah;Vina;Toko Ponsel;Offline;?1;2;?10;Pemberi Pinjaman;?10;Surabaya;
Warung Makan Sederhana;Wawan;Kuliner;Offline;3;4;21-30;Pemberi Modal;51-100;Bandung;
Cuci Kilat Cepat;Xian;Laundry;Online;4;5;41-50;Pemberi Pinjaman;101-200;Surabaya;
Print Murah Cepat;Yaya;Fotocopy/Percetakan;Offline;5;6;61-70;Pemberi Modal;201-300;Medan;
Bengkel Mobil Berkualitas;Zura;Bengkel/Sparepart;Offline;7;8;81-90;Rekan Kerja;301-400;Semarang;
Warung Nasi Lezat;Ani;Kuliner;Offline;4;5;31-40;Pemberi Modal;101-200;Yogyakarta;
Toko Kelontong Murah;Budi;Toko Kelontong;Offline;3;4;21-30;Pemberi Modal;51-100;Bandung;
Toko Ponsel Berkualitas;Cindy;Toko Ponsel;Offline;2;3;?10;Pemberi Pinjaman;?10;Surabaya;
Toko Baju Berkualitas;Dika;Pakaian;Online;3;4;21-30;Pemberi Modal;51-100;Jakarta;
Warung Makan Berkualitas;Elsa;Kuliner;Offline;4;5;31-40;Pemberi Modal;101-200;Bandung;
Cuci Kilat Murah;Fira;Laundry;Online;2;3;?10;Pemberi Pinjaman;?10;Jakarta;
Print Murah Berkualitas;Gilang;Fotocopy/Percetakan;Offline;5;6;61-70;Pemberi Modal;201-300;Medan;
Bengkel Motor Handal;Hana;Bengkel/Sparepart;Offline;7;8;81-90;Rekan Kerja;301-400;Semarang;
Toko Obat Murah;Jono;Toko Kelontong;Offline;4;5;31-40;Pemberi Pinjaman;101-200;Yogyakarta;
Laundry Kilat Cepat;Koko;Laundry;Online;3;4;21-30;Pemberi Modal;51-100;Jakarta;
Percetakan Murah;Lina;Fotocopy/Percetakan;Offline;5;6;61-70;Pemberi Modal;201-300;Medan;
Bengkel Mobil Murah;Mira;Bengkel/Sparepart;Offline;7;8;81-90;Rekan Kerja;301-400;Semarang;
Restoran Murah Meriah;Nia;Kuliner;Offline;4;5;31-40;Pemberi Modal;101-200;Bandung;
Toko Baju Berkualitas;Opi;Pakaian;Online;3;4;21-30;Pemberi Modal;51-100;Surabaya;
Warung Sederhana;Pungky;Kuliner;Offline;5;6;61-70;Pemberi Pinjaman;101-200;Jakarta;
Cetak Dokumen Murah;Qonita;Fotocopy/Percetakan;Offline;3;4;21-30;Rekan Kerja;51-100;Medan;
Toko Buku Murah;Rama;Toko Buku;Offline;2;3;?10;Pemberi Modal;?10;Bandung;
Toko Ponsel Berkualitas;Sari;Toko Ponsel;Offline;?1;2;?10;Pemberi Pinjaman;?10;Surabaya;
Resto Cepat;Tono;Kuliner;Offline;3;4;21-30;Pemberi Modal;51-100;Bandung;
Cuci Kilat Bersih;Umi;Laundry;Online;4;5;41-50;Pemberi Modal;101-200;Surabaya;
Print Cepat Murah;Vicky;Fotocopy/Percetakan;Offline;5;6;61-70;Pemberi Modal;201-300;Jakarta;
Bengkel Motor Cepat;Wira;Bengkel/Sparepart;Offline;7;8;81-90;Rekan Kerja;301-400;Semarang;
Warung Nasi Enak;Xena;Kuliner;Offline;4;5;31-40;Pemberi Modal;101-200;Yogyakarta;
Toko Kelontong Murah;Yani;Toko Kelontong;Offline;3;4;21-30;Pemberi Modal;51-100;Bandung;
Toko Ponsel Berkualitas;Zain;Toko Ponsel;Offline;2;3;?10;Pemberi Pinjaman;?10;Surabaya;
Toko Baju Murah;Ajeng;Pakaian;Online;3;4;21-30;Pemberi Modal;51-100;Jakarta;
Warung Makan Berkualitas;Bambang;Kuliner;Offline;4;5;31-40;Pemberi Modal;101-200;Bandung;
Toko Buku Berkualitas;Candra;Toko Buku;Offline;2;3;?10;Pemberi Modal;?10;Bandung;
Toko Ponsel Murah;Dian;Toko Ponsel;Offline;?1;2;?10;Pemberi Pinjaman;?10;Surabaya;
Warung Makan Enak;Edo;Kuliner;Offline;3;4;21-30;Pemberi Modal;51-100;Bandung;
Cuci Kilat Cepat;Fika;Laundry;Online;4;5;41-50;Pemberi Pinjaman;101-200;Surabaya;
Print Cepat Murah;Gita;Fotocopy/Percetakan;Offline;5;6;61-70;Pemberi Modal;201-300;Jakarta;
Bengkel Motor Cepat;Hadi;Bengkel/Sparepart;Offline;7;8;81-90;Rekan Kerja;301-400;Semarang;
Resto Lezat;Indah;Kuliner;Offline;4;5;31-40;Pemberi Modal;101-200;Yogyakarta;
Toko Baju Murah;Joko;Pakaian;Online;3;4;21-30;Pemberi Modal;51-100;Surabaya;
Warung Makan Lezat;Kiki;Kuliner;Offline;3;4;21-30;Pemberi Modal;51-100;Bandung;
Toko Obat Murah;Lina;Toko Kelontong;Offline;4;5;31-40;Pemberi Pinjaman;101-200;Surabaya;
Cuci Kilat Express;Maman;Laundry;Online;2;3;?10;Rekan Kerja;?10;Jakarta;
Print Murah Berkualitas;Nana;Fotocopy/Percetakan;Offline;5;6;61-70;Pemberi Modal;201-300;Medan;
Bengkel Mobil Murah;Opi;Bengkel/Sparepart;Offline;7;8;81-90;Rekan Kerja;301-400;Semarang;
Restoran Murah Meriah;Putri;Kuliner;Offline;4;5;31-40;Pemberi Modal;101-200;Yogyakarta;
Toko Baju Berkualitas;Rudi;Pakaian;Online;3;4;21-30;Pemberi Modal;51-100;Bandung;
Warung Makan Lezat;Santi;Kuliner;Offline;5;6;61-70;Pemberi Pinjaman;101-200;Surabaya;
Print Murah Cepat;Tuti;Fotocopy/Percetakan;Offline;3;4;21-30;Rekan Kerja;51-100;Jakarta;
Toko Buku Berkualitas;Umar;Toko Buku;Offline;2;3;?10;Pemberi Modal;?10;Bandung;
Toko Ponsel Murah Meriah;Vicky;Toko Ponsel;Offline;?1;2;?10;Pemberi Pinjaman;?10;Surabaya;
Warung Makan Enak;Wira;Kuliner;Offline;3;4;21-30;Pemberi Modal;51-100;Bandung;
Toko Kelontong Murah;Yani;Toko Kelontong;Offline;3;4;21-30;Pemberi Modal;51-100;Surabaya;
Toko Ponsel Berkualitas;Zain;Toko Ponsel;Offline;2;3;?10;Pemberi Pinjaman;?10;Bandung;
Ayam Goreng Enak;Ajeng;Kuliner;Offline;4;5;31-40;Pemberi Modal;101-200;Surabaya;
Toko Obat Berkualitas;Bunga;Toko Kelontong;Offline;3;4;21-30;Pemberi Pinjaman;51-100;Jakarta;
Layanan Cuci Kilat;Caca;Laundry;Online;2;3;?10;Rekan Kerja;?10;Bandung;
Print Kilat;Didi;Fotocopy/Percetakan;Offline;5;6;61-70;Pemberi Modal;201-300;Surabaya;
Bengkel Motor Cepat;Elsa;Bengkel/Sparepart;Offline;7;8;81-90;Rekan Kerja;301-400;Jakarta;
Resto Cepat;Fitri;Kuliner;Offline;4;5;31-40;Pemberi Modal;101-200;Bandung;
Toko Baju Berkualitas;Gita;Pakaian;Online;3;4;21-30;Pemberi Modal;51-100;Surabaya;
Gadget Berkualitas;Hadi;Toko Ponsel;Offline;?1;2;?10;Pemberi Pinjaman;?10;Jakarta;
Warung Lezat Cepat;Indra;Kuliner;Offline;3;4;21-30;Pemberi Modal;51-100;Bandung;
Laundry Kilat Bersih;Joko;Laundry;Online;4;5;41-50;Pemberi Pinjaman;101-200;Surabaya;
Toko Obat Murah Meriah;Kian;Toko Kelontong;Offline;3;4;21-30;Pemberi Modal;51-100;Jakarta;
Cetak Murah;Lina;Fotocopy/Percetakan;Offline;5;6;61-70;Pemberi Modal;201-300;Surabaya;
Bengkel Motor Berkualitas;Maya;Bengkel/Sparepart;Offline;7;8;81-90;Rekan Kerja;301-400;Semarang;
Resto Enak;Nita;Kuliner;Offline;4;5;31-40;Pemberi Modal;101-200;Yogyakarta;
Toko Pakaian Murah;Oki;Pakaian;Online;3;4;21-30;Pemberi Modal;51-100;Bandung;
Layanan Cuci Kilat;Putri;Laundry;Online;2;3;?10;Rekan Kerja;?10;Jakarta;
Print Murah;Rina;Fotocopy/Percetakan;Offline;5;6;61-70;Pemberi Modal;201-300;Medan;
Bengkel Motor Cepat;Sari;Bengkel/Sparepart;Offline;7;8;81-90;Rekan Kerja;301-400;Semarang;
Warung Makan Lezat;Tono;Kuliner;Offline;3;4;21-30;Pemberi Modal;51-100;Yogyakarta;
Toko Buku Berkualitas;Uci;Toko Buku;Offline;2;3;?10;Pemberi Modal;?10;Bandung;
Toko Ponsel Murah Meriah;Vina;Toko Ponsel;Offline;?1;2;?10;Pemberi Pinjaman;?10;Surabaya;
Warung Makan Enak;Wawan;Kuliner;Offline;3;4;21-30;Pemberi Modal;51-100;Bandung;
Laundry Kilat Cepat;Xena;Laundry;Online;4;5;41-50;Pemberi Pinjaman;101-200;Jakarta;
Cetak Murah Berkualitas;Yanti;Fotocopy/Percetakan;Offline;5;6;61-70;Pemberi Modal;201-300;Medan;
Bengkel Motor Murah;Zain;Bengkel/Sparepart;Offline;7;8;81-90;Rekan Kerja;301-400;Semarang;
Resto Murah Meriah;Adi;Kuliner;Offline;4;5;31-40;Pemberi Modal;101-200;Yogyakarta;
Toko Pakaian Berkualitas;Bunga;Pakaian;Online;3;4;21-30;Pemberi Modal;51-100;Bandung;
Layanan Cuci Kilat;Candra;Laundry;Online;2;3;?10;Rekan Kerja;?10;Jakarta;
Toko Buku Murah Meriah;Dina;Toko Buku;Offline;2;3;?10;Pemberi Modal;?10;Bandung;
Toko Ponsel Berkualitas;Eko;Toko Ponsel;Offline;?1;2;?10;Pemberi Pinjaman;?10;Surabaya;
Warung Makan Enak;Fani;Kuliner;Offline;3;4;21-30;Pemberi Modal;51-100;Bandung;
Cuci Kilat Cepat;Gina;Laundry;Online;4;5;41-50;Pemberi Pinjaman;101-200;Surabaya;
Print Cepat Murah;Hadi;Fotocopy/Percetakan;Offline;5;6;61-70;Pemberi Modal;201-300;Jakarta;
Bengkel Motor Cepat;Ira;Bengkel/Sparepart;Offline;7;8;81-90;Rekan Kerja;301-400;Semarang;
Resto Enak;Joko;Kuliner;Offline;4;5;31-40;Pemberi Modal;101-200;Yogyakarta;
Toko Baju Murah;Kiki;Pakaian;Online;3;4;21-30;Pemberi Modal;51-100;Surabaya;
Warung Makan Lezat;Lina;Kuliner;Offline;3;4;21-30;Pemberi Modal;51-100;Bandung;
Toko Obat Murah;Mira;Toko Kelontong;Offline;4;5;31-40;Pemberi Pinjaman;101-200;Surabaya;
Layanan Cuci Kilat;Nana;Laundry;Online;2;3;?10;Rekan Kerja;?10;Jakarta;
Print Murah;Opi;Fotocopy/Percetakan;Offline;5;6;61-70;Pemberi Modal;201-300;Medan;
Bengkel Motor Cepat;Putri;Bengkel/Sparepart;Offline;7;8;81-90;Rekan Kerja;301-400;Semarang;
Resto Enak;Rudi;Kuliner;Offline;4;5;31-40;Pemberi Modal;101-200;Yogyakarta;
Toko Baju Murah;Santi;Pakaian;Online;3;4;21-30;Pemberi Modal;51-100;Surabaya;
Warung Makan Lezat;Tuti;Kuliner;Offline;5;6;61-70;Pemberi Pinjaman;101-200;Bandung;
Print Murah Cepat;Umar;Fotocopy/Percetakan;Offline;3;4;21-30;Rekan Kerja;51-100;Jakarta;
Bengkel Motor Cepat;Vina;Bengkel/Sparepart;Offline;7;8;81-90;Rekan Kerja;301-400;Semarang;
Resto Enak;Wawan;Kuliner;Offline;4;5;31-40;Pemberi Modal;101-200;Yogyakarta;
Toko Baju Murah;Xena;Pakaian;Online;3;4;21-30;Pemberi Modal;51-100;Surabaya;
Toko Baju Murah;Yani;Pakaian;Online;3;4;21-30;Pemberi Modal;51-100;Surabaya;
Resto Lezat;Zara;Kuliner;Offline;4;5;31-40;Pemberi Modal;101-200;Bandung;
Toko Obat Berkualitas;Aji;Toko Kelontong;Offline;3;4;21-30;Pemberi Pinjaman;51-100;Jakarta;
Cuci Kilat Cepat;Bunga;Laundry;Online;2;3;?10;Rekan Kerja;?10;Surabaya;
Print Cepat;Caca;Fotocopy/Percetakan;Offline;5;6;61-70;Pemberi Modal;201-300;Medan;
Bengkel Motor Cepat;Didi;Bengkel/Sparepart;Offline;7;8;81-90;Rekan Kerja;301-400;Semarang;
Resto Enak;Elsa;Kuliner;Offline;4;5;31-40;Pemberi Modal;101-200;Yogyakarta;
Toko Baju Murah;Fitri;Pakaian;Online;3;4;21-30;Pemberi Modal;51-100;Surabaya;
Warung Makan Lezat;Gita;Kuliner;Offline;5;6;61-70;Pemberi Pinjaman;101-200;Bandung;
Print Murah;Hadi;Fotocopy/Percetakan;Offline;3;4;21-30;Rekan Kerja;51-100;Jakarta;
Cetak Cepat Maju;Opan;Fotocopy/Percetakan;Offline;7;8;71-80;Pemberi Modal;301-400;Medan;
Bengkel Maju Jaya;Putri;Bengkel/Sparepart;Offline;4;5;41-50;Rekan Kerja;101-200;Semarang;
Sate Enak Banget;Qori;Kuliner;Offline;9;?10;91-100;Pemberi Pinjaman;401-500;Surabaya;
Toko Kelontong Hemat;Rina;Toko Kelontong;Offline;2;3;21-30;Pemberi Modal;51-100;Medan;
Elektronik Maju;Satria;Peralatan Listrik;Online;3;4;31-40;Rekan Kerja;51-100;Bandung;
Toko Pustaka Cerdas;Tika;Toko Buku;Offline;6;7;71-80;Pemberi Modal;301-400;Surabaya;
Gadget Murah;Ujang;Toko Ponsel;Offline;5;6;61-70;Rekan Kerja;201-300;Jakarta;
Aksesoris Keren;Vina;Pakaian;Online;2;3;11-20;Pemberi Modal;11-50;Bandung;
Elektronik Maju;Wahyu;Peralatan Listrik;Online;4;4;31-40;Rekan Kerja;51-100;Bandung;
Buku Cerdas;Xena;Toko Buku;Offline;6;5;61-70;Pemberi Modal;201-300;Surabaya;
Gadget Nusantara;Yani;Toko Ponsel;Offline;8;7;81-90;Rekan Kerja;301-400;Jakarta;
Aksesoris Keren;Zain;Pakaian;Online;?1;2;?10;Pemberi Modal;?10;Bandung;
Fashion Keren;Adi;Pakaian;Online;2;3;21-30;Rekan Kerja;51-100;Surabaya;
Warung Nasi Enak;Bambang;Kuliner;Offline;5;6;51-60;Pemberi Modal;201-300;Jakarta;
Laundry Express;Cindy;Laundry;Online;3;4;31-40;Pemberi Pinjaman;101-200;Bandung;
Aksesoris Keren;Kirana;Pakaian;Online;2;4;11-20;Pemberi Modal;11-50;Bandung;
Mie Ayam Enak;Lina;Kuliner;Offline;?1;3;?10;Pemberi Pinjaman;?10;Bandung;
Laundry Kilat;Mira;Laundry;Online;4;5;41-50;Rekan Kerja;101-200;Jakarta;
Print Cepat;Nita;Fotocopy/Percetakan;Offline;6;7;71-80;Pemberi Modal;201-300;Medan;
Service Mobil;Oki;Bengkel/Sparepart;Offline;9;9;91-100;Rekan Kerja;301-400;Semarang;
Batik Cantik;Panji;Pakaian;Offline;6;8;71-80;Pemberi Modal;201-300;Yogyakarta;
Soto Kenyal;Qori;Kuliner;Offline;3;4;31-40;Rekan Kerja;51-100;Malang;
Cuci Bersih;Rina;Laundry;Online;2;2;?10;Pemberi Pinjaman;?10;Semarang;
Cetak Kilat;Satria;Fotocopy/Percetakan;Offline;4;5;41-50;Pemberi Modal;101-200;Bandung;
Service Motor Berkah;Tia;Bengkel/Sparepart;Offline;7;8;81-90;Rekan Kerja;301-400;Surabaya;
Warung Makmur;Umar;Kuliner;Offline;5;6;61-70;Pemberi Pinjaman;201-300;Jakarta;
Toko Sembako Murah;Vina;Toko Kelontong;Offline;2;3;21-30;Pemberi Modal;51-100;Medan;
Elektronik Maju;Wahyu;Peralatan Listrik;Online;4;4;31-40;Rekan Kerja;51-100;Bandung;
Buku Cerdas;Xena;Toko Buku;Offline;6;5;61-70;Pemberi Modal;201-300;Surabaya;
Gadget Nusantara;Yani;Toko Ponsel;Offline;8;7;81-90;Rekan Kerja;301-400;Jakarta;
Aksesoris Keren;Zain;Pakaian;Online;?1;2;?10;Pemberi Modal;?10;Bandung;
Fashion Keren;Adi;Pakaian;Online;2;3;21-30;Rekan Kerja;51-100;Surabaya;
Warung Santap;Bambang;Kuliner;Offline;5;6;51-60;Pemberi Modal;201-300;Jakarta;
Laundry Express;Cindy;Laundry;Online;3;4;31-40;Pemberi Pinjaman;101-200;Bandung;
Print Cepat Express;Dina;Fotocopy/Percetakan;Offline;7;8;71-80;Pemberi Modal;301-400;Medan;
Toko Bangunan Kuat;Dodo;Toko Bangunan;Offline;6;5;61-70;Pemberi Modal;201-300;Surabaya;
Peralatan Elektronik;Eka;Peralatan Listrik;Online;3;3;31-40;Rekan Kerja;51-100;Jakarta;
Warung Pujasera;Fajar;Kuliner;Offline;4;6;41-50;Pemberi Pinjaman;101-200;Bandung;
Laundry Express Cepat;Gita;Laundry;Online;2;2;?10;Pemberi Pinjaman;?10;Surabaya;
Print Kilat;Hadi;Fotocopy/Percetakan;Offline;8;9;81-90;Pemberi Modal;301-400;Medan;
Bengkel Motor Lancar;Irfan;Bengkel/Sparepart;Offline;7;8;71-80;Rekan Kerja;301-400;Semarang;
Toko Buku Kreatif;Juna;Toko Buku;Offline;5;4;51-60;Pemberi Modal;101-200;Bandung;
Aksesoris Trendy;Kiki;Pakaian;Online;2;3;11-20;Pemberi Modal;11-50;Surabaya;
Warung Murah Meriah;Lila;Kuliner;Offline;3;5;31-40;Pemberi Pinjaman;51-100;Yogyakarta;
Cuci Cepat;Maman;Laundry;Online;?1;2;?10;Pemberi Pinjaman;?10;Bali;
Print Cepat Bersih;Nani;Fotocopy/Percetakan;Offline;6;7;61-70;Pemberi Modal;201-300;Makassar;
Bengkel Mobil Berkah;Ola;Bengkel/Sparepart;Offline;9;?10;>100;Rekan Kerja;>500;Bandung;
Toko Sembako Hemat;Putra;Toko Kelontong;Offline;4;4;41-50;Pemberi Modal;101-200;Medan;
Toko Bangunan Murah;Qori;Toko Bangunan;Offline;5;6;51-60;Pemberi Modal;201-300;Jakarta;
Peralatan Listrik Mantap;Rini;Peralatan Listrik;Online;3;3;21-30;Rekan Kerja;51-100;Bandung;
Warung Kenyang;Siti;Kuliner;Offline;8;7;81-90;Pemberi Pinjaman;301-400;Surabaya;
Cetak Cepat;Tono;Fotocopy/Percetakan;Offline;6;6;61-70;Pemberi Modal;201-300;Semarang;
Bengkel Maju Bersama;Umi;Bengkel/Sparepart;Offline;4;5;41-50;Rekan Kerja;101-200;Yogyakarta;
Toko Pustaka Murah;Vino;Toko Buku;Offline;7;8;71-80;Pemberi Modal;301-400;Surabaya;
Toko Kelontong Berkah;Wawan;Toko Kelontong;Offline;3;4;21-30;Pemberi Pinjaman;51-100;Bali;
Bengkel Motor Maju;Xander;Bengkel/Sparepart;Offline;5;6;51-60;Rekan Kerja;201-300;Makassar;
Fashion Chic;Yuli;Pakaian;Online;2;3;11-20;Pemberi Modal;11-50;Bandung;
Warung Nasi Nyaman;Zara;Kuliner;Offline;6;5;61-70;Pemberi Modal;201-300;Jakarta;
Print Express Maju;Agus;Fotocopy/Percetakan;Offline;8;9;81-90;Pemberi Modal;301-400;Medan;
Toko Elektronik Mantap;Bella;Peralatan Listrik;Online;4;5;31-40;Rekan Kerja;101-200;Bandung;
Warung Lezat Berkah;Candra;Kuliner;Offline;5;6;51-60;Pemberi Pinjaman;201-300;Yogyakarta;
Cuci Kilat Bersih;Dian;Laundry;Online;2;2;?10;Pemberi Pinjaman;?10;Bali;
Print Kilat Cepat;Edo;Fotocopy/Percetakan;Offline;6;7;61-70;Pemberi Modal;201-300;Makassar;
Toko Sembako Sejahtera;Fira;Toko Kelontong;Offline;3;4;31-40;Pemberi Pinjaman;51-100;Bandung;
Aksesoris Murah Meriah;Gilang;Pakaian;Online;?1;3;?10;Pemberi Modal;?10;Surabaya;
Bengkel Handal;Hana;Bengkel/Sparepart;Offline;7;8;71-80;Rekan Kerja;301-400;Semarang;
Warung Istimewa;Icha;Kuliner;Offline;4;5;41-50;Pemberi Modal;101-200;Jakarta;
Print Mudah;Johan;Fotocopy/Percetakan;Offline;6;6;61-70;Pemberi Modal;201-300;Medan;
Elektronik Mantap;Kiki;Peralatan Listrik;Online;3;3;21-30;Rekan Kerja;51-100;Bandung;
Butik Modis;Lina;Pakaian;Online;2;2;?10;Pemberi Modal;?10;Surabaya;
Warung Praktis;Maya;Kuliner;Offline;5;6;51-60;Pemberi Modal;201-300;Jakarta;
Toko Buku Ramah;Nita;Toko Buku;Offline;7;8;71-80;Pemberi Modal;301-400;Surabaya;
Bengkel Terpercaya;Oskar;Bengkel/Sparepart;Offline;4;5;41-50;Rekan Kerja;101-200;Yogyakarta;
Toko Ponsel Hemat;Putri;Toko Ponsel;Offline;6;7;61-70;Rekan Kerja;201-300;Jakarta;
Fashion Trendi;Qonita;Pakaian;Online;?1;3;?10;Pemberi Modal;?10;Bandung;
Warung Murah Berkah;Rizky;Kuliner;Offline;8;9;81-90;Pemberi Pinjaman;301-400;Surabaya;
Cuci Kilat Lancar;Santi;Laundry;Online;2;2;?10;Pemberi Pinjaman;?10;Bali;
Cetak Cepat Bersih;Tono;Fotocopy/Percetakan;Offline;6;6;61-70;Pemberi Modal;201-300;Semarang;
Toko Sembako Hemat;Upi;Toko Kelontong;Offline;4;4;41-50;Pemberi Modal;101-200;Medan;
Bengkel Handal;Vivi;Bengkel/Sparepart;Offline;5;6;51-60;Rekan Kerja;201-300;Makassar;
Toko Buku Mantap;Wati;Toko Buku;Offline;6;7;71-80;Pemberi Modal;301-400;Surabaya;
Elektronik Cerdas;Xian;Peralatan Listrik;Online;3;4;31-40;Rekan Kerja;51-100;Bandung;
Warung Istimewa;Yosef;Kuliner;Offline;9;?10;>100;Pemberi Modal;>500;Jakarta;
Print Mudah Cepat;Zara;Fotocopy/Percetakan;Offline;7;8;71-80;Pemberi Modal;301-400;Medan;
Bengkel Handal;Adi;Bengkel/Sparepart;Offline;4;5;41-50;Rekan Kerja;101-200;Yogyakarta;
Warung Nasi Enak;Budi;Kuliner;Offline;5;6;51-60;Pemberi Modal;201-300;Bandung;
Laundry Express Lancar;Cindy;Laundry;Online;3;4;31-40;Pemberi Pinjaman;101-200;Bandung;
Print Cepat Bersih;Dini;Fotocopy/Percetakan;Offline;7;8;71-80;Pemberi Modal;301-400;Medan;
Toko Sembako Sejahtera;Fira;Toko Kelontong;Offline;3;4;31-40;Pemberi Pinjaman;51-100;Bandung;
Aksesoris Murah Meriah;Gilang;Pakaian;Online;?1;3;?10;Pemberi Modal;?10;Surabaya;
Bengkel Handal;Hana;Bengkel/Sparepart;Offline;7;8;71-80;Rekan Kerja;301-400;Semarang;
Warung Istimewa;Icha;Kuliner;Offline;4;5;41-50;Pemberi Modal;101-200;Jakarta;
Print Mudah;Johan;Fotocopy/Percetakan;Offline;6;6;61-70;Pemberi Modal;201-300;Medan;
Elektronik Mantap;Kiki;Peralatan Listrik;Online;3;3;21-30;Rekan Kerja;51-100;Bandung;
Butik Modis;Lina;Pakaian;Online;2;2;?10;Pemberi Modal;?10;Surabaya;
Warung Praktis;Maya;Kuliner;Offline;5;6;51-60;Pemberi Modal;201-300;Jakarta;
Toko Buku Ramah;Nita;Toko Buku;Offline;7;8;71-80;Pemberi Modal;301-400;Surabaya;
Bengkel Terpercaya;Oskar;Bengkel/Sparepart;Offline;4;5;41-50;Rekan Kerja;101-200;Yogyakarta;
Toko Ponsel Hemat;Putri;Toko Ponsel;Offline;6;7;61-70;Rekan Kerja;201-300;Jakarta;
Fashion Trendi;Qonita;Pakaian;Online;?1;3;?10;Pemberi Modal;?10;Bandung;
Warung Murah Berkah;Rizky;Kuliner;Offline;8;9;81-90;Pemberi Pinjaman;301-400;Surabaya;
Cuci Kilat Lancar;Santi;Laundry;Online;2;2;?10;Pemberi Pinjaman;?10;Bali;
Cetak Cepat Bersih;Tono;Fotocopy/Percetakan;Offline;6;6;61-70;Pemberi Modal;201-300;Semarang;
Toko Sembako Hemat;Upi;Toko Kelontong;Offline;4;4;41-50;Pemberi Modal;101-200;Medan;
Bengkel Handal;Vivi;Bengkel/Sparepart;Offline;5;6;51-60;Rekan Kerja;201-300;Makassar;
Toko Buku Mantap;Wati;Toko Buku;Offline;6;7;71-80;Pemberi Modal;301-400;Surabaya;
Elektronik Cerdas;Xian;Peralatan Listrik;Online;3;4;31-40;Rekan Kerja;51-100;Bandung;
Warung Istimewa;Yosef;Kuliner;Offline;9;?10;>100;Pemberi Modal;>500;Jakarta;
Print Mudah Cepat;Zara;Fotocopy/Percetakan;Offline;7;8;71-80;Pemberi Modal;301-400;Medan;
Kafe Segar;Dina;Kuliner;Offline;2;4;31-40;Pemberi Pinjaman;51-100;Surabaya;
Toko Sembako Ramah;Bambang;Toko Kelontong;Offline;5;6;41-50;Rekan Kerja;101-200;Bandung;
Aksesoris Terjangkau;Citra;Pakaian;Online;3;3;21-30;Pemberi Modal;51-100;Jakarta;
Bengkel Mobil Maju;Doni;Bengkel/Sparepart;Offline;6;7;61-70;Pemberi Modal;201-300;Surabaya;
Print Cepat Murah;Euis;Fotocopy/Percetakan;Offline;4;5;41-50;Rekan Kerja;101-200;Bandung;
Warung Sederhana;Ferry;Kuliner;Offline;3;4;31-40;Pemberi Pinjaman;51-100;Yogyakarta;
Toko Buku Hemat;Gading;Toko Buku;Offline;7;8;71-80;Pemberi Modal;301-400;Bandung;
Peralatan Listrik Cerdas;Hesti;Peralatan Listrik;Online;2;2;?10;Pemberi Modal;?10;Surabaya;
Bengkel Motor Ramah;Indra;Bengkel/Sparepart;Offline;5;6;51-60;Pemberi Modal;201-300;Semarang;
Toko Elektronik Mantap;Joko;Peralatan Listrik;Online;3;4;31-40;Rekan Kerja;51-100;Jakarta;
Warung Nyaman;Karmila;Kuliner;Offline;4;5;41-50;Pemberi Modal;101-200;Surabaya;
Cuci Cepat Murah;Lutfi;Laundry;Online;2;2;?10;Pemberi Modal;?10;Bandung;
Print Kilat Murah;Mira;Fotocopy/Percetakan;Offline;6;7;61-70;Rekan Kerja;201-300;Medan;
Toko Sembako Nyaman;Nanda;Toko Kelontong;Offline;4;4;31-40;Pemberi Modal;101-200;Yogyakarta;
Fashion Terjangkau;Oka;Pakaian;Online;3;3;21-30;Pemberi Pinjaman;51-100;Bandung;
Warung Lezat;Putra;Kuliner;Offline;5;6;51-60;Pemberi Modal;201-300;Surabaya;
Cuci Lancar;Rina;Laundry;Online;2;2;?10;Pemberi Modal;?10;Bali;
Print Cepat Hemat;Surya;Fotocopy/Percetakan;Offline;6;6;61-70;Pemberi Pinjaman;201-300;Semarang;
Toko Buku Ramah;Tika;Toko Buku;Offline;7;8;71-80;Pemberi Modal;301-400;Jakarta;
Bengkel Motor Berkah;Umar;Bengkel/Sparepart;Offline;4;5;41-50;Rekan Kerja;101-200;Makassar;
Elektronik Ramah;Vina;Peralatan Listrik;Online;2;3;21-30;Pemberi Modal;51-100;Bandung;
Warung Sederhana;Winda;Kuliner;Offline;8;9;81-90;Pemberi Modal;301-400;Surabaya;
Print Murah Cepat;Xavier;Fotocopy/Percetakan;Offline;7;8;71-80;Pemberi Modal;301-400;Medan;
Toko Sembako Berkah;Yuni;Toko Kelontong;Offline;4;4;41-50;Pemberi Pinjaman;101-200;Yogyakarta;
Fashion Trendy;Zulfa;Pakaian;Online;?1;3;?10;Pemberi Modal;?10;Surabaya;
Warung Pilihan;Andi;Kuliner;Offline;5;6;51-60;Pemberi Modal;201-300;Jakarta;
Cuci Hemat;Bella;Laundry;Online;2;2;?10;Pemberi Modal;?10;Bali;
Print Ramah;Cici;Fotocopy/Percetakan;Offline;6;6;61-70;Pemberi Pinjaman;201-300;Semarang;
Elektronik Jaya;Enrico;Peralatan Listrik;Online;3;4;31-40;Rekan Kerja;51-100;Surabaya;